,drought_implications,urbanization_population,change_changes,economic_political-instability
count,27.0,27.0,27.0,27.0
mean,4.666666666666667,4.62962962962963,4.666666666666667,4.703703703703703
std,0.7337993857053426,0.4921028776234115,0.554700196225229,0.46532162696807516
min,2.0,4.0,3.0,4.0
25%,5.0,4.0,4.0,4.0
50%,5.0,5.0,5.0,5.0
75%,5.0,5.0,5.0,5.0
max,5.0,5.0,5.0,5.0
