,effectiveness,feasibility,envtal_conservation,socioeconomic,scalability,sustainability,com_engpa,policy_alignment
count,27.0,27.0,27.0,27.0,27.0,27.0,27.0,27.0
mean,4.111111111111111,4.148148148148148,3.7037037037037037,4.148148148148148,4.037037037037037,4.037037037037037,4.074074074074074,3.962962962962963
std,0.9336995618478525,0.9885383033590439,1.0675210253672474,0.9073928715621605,1.0183501544346312,0.8979241650984822,0.9577989963342607,0.9397823594805784
min,2.0,1.0,1.0,2.0,2.0,2.0,2.0,2.0
25%,4.0,4.0,3.0,4.0,3.5,4.0,4.0,3.0
50%,4.0,4.0,4.0,4.0,4.0,4.0,4.0,4.0
75%,5.0,5.0,4.0,5.0,5.0,5.0,5.0,5.0
max,5.0,5.0,5.0,5.0,5.0,5.0,5.0,5.0
