,effectiveness,feasibility,envtal_conservation,socioeconomic,scalability,sustainability,com_engpa,policy_alignment
count,27.0,27.0,27.0,27.0,27.0,27.0,27.0,27.0
mean,4.037037037037037,3.888888888888889,3.6666666666666665,3.8518518518518516,3.8518518518518516,3.740740740740741,4.037037037037037,3.8518518518518516
std,1.1259690350121836,0.9336995618478526,1.0,0.9488334418036183,1.0267088458424103,1.2585887271247842,1.1259690350121836,1.133534421577168
min,1.0,2.0,1.0,1.0,1.0,1.0,1.0,1.0
25%,3.0,3.0,3.5,3.5,3.5,3.0,3.5,3.0
50%,4.0,4.0,4.0,4.0,4.0,4.0,4.0,4.0
75%,5.0,5.0,4.0,4.0,4.5,5.0,5.0,5.0
max,5.0,5.0,5.0,5.0,5.0,5.0,5.0,5.0
