,effectiveness,feasibility,envtal_conservation,socioeconomic,scalability,sustainability,com_engpa,policy_alignment
count,27.0,27.0,27.0,27.0,27.0,27.0,27.0,27.0
mean,3.925925925925926,4.0,3.5555555555555554,3.925925925925926,4.0,3.925925925925926,4.0,3.7777777777777777
std,1.0350000344082464,1.0741723110591492,1.2194996872404218,1.2380482756191429,1.1094003924504583,1.141049649224039,1.0,1.2506408613597126
min,1.0,1.0,1.0,1.0,1.0,1.0,2.0,1.0
25%,3.0,4.0,3.0,4.0,4.0,3.0,3.5,3.0
50%,4.0,4.0,4.0,4.0,4.0,4.0,4.0,4.0
75%,5.0,5.0,4.0,5.0,5.0,5.0,5.0,5.0
max,5.0,5.0,5.0,5.0,5.0,5.0,5.0,5.0
