,effectiveness,feasibility,envtal_conservation,socioeconomic,scalability,sustainability,com_engpa,policy_alignment
count,27.0,27.0,27.0,27.0,27.0,27.0,27.0,27.0
mean,4.481481481481482,4.37037037037037,4.074074074074074,3.925925925925926,4.074074074074074,4.333333333333333,4.333333333333333,4.2592592592592595
std,0.8489980687832692,0.9260398790278189,0.9577989963342609,0.997146927138621,0.828619144486589,0.7844645405527362,0.8320502943378437,1.0594843663344555
min,2.0,2.0,1.0,1.0,2.0,3.0,2.0,2.0
25%,4.0,4.0,4.0,3.5,4.0,4.0,4.0,4.0
50%,5.0,5.0,4.0,4.0,4.0,5.0,5.0,5.0
75%,5.0,5.0,5.0,5.0,5.0,5.0,5.0,5.0
max,5.0,5.0,5.0,5.0,5.0,5.0,5.0,5.0
