,effectiveness,feasibility,envtal_conservation,socioeconomic,scalability,sustainability,com_engpa,policy_alignment
count,27.0,27.0,27.0,27.0,27.0,27.0,27.0,27.0
mean,4.0,4.185185185185185,3.6296296296296298,3.888888888888889,3.740740740740741,3.888888888888889,3.6666666666666665,3.962962962962963
std,0.9607689228305228,1.075497632119735,1.2136451182015577,1.2506408613597129,1.2276491791723345,1.2194996872404222,1.3008872711759818,1.0912759462588695
min,1.0,1.0,1.0,1.0,1.0,1.0,1.0,2.0
25%,3.5,4.0,3.0,3.0,3.0,3.5,3.0,3.0
50%,4.0,5.0,4.0,4.0,4.0,4.0,4.0,4.0
75%,5.0,5.0,4.0,5.0,5.0,5.0,5.0,5.0
max,5.0,5.0,5.0,5.0,5.0,5.0,5.0,5.0
