,effectiveness,feasibility,envtal_conservation,socioeconomic,scalability,sustainability,com_engpa,policy_alignment
count,27.0,27.0,27.0,27.0,27.0,27.0,27.0,27.0
mean,4.111111111111111,4.0,3.888888888888889,4.037037037037037,3.925925925925926,3.8518518518518516,4.037037037037037,4.0
std,1.1208970766356101,1.0377490433255416,0.9740215340114143,0.8979241650984823,1.10682935679861,0.9488334418036182,0.9798540504146319,1.0377490433255416
min,1.0,1.0,2.0,2.0,1.0,1.0,1.0,1.0
25%,4.0,4.0,3.0,4.0,3.0,4.0,4.0,3.5
50%,4.0,4.0,4.0,4.0,4.0,4.0,4.0,4.0
75%,5.0,5.0,5.0,5.0,5.0,4.0,5.0,5.0
max,5.0,5.0,5.0,5.0,5.0,5.0,5.0,5.0
