,effectiveness,feasibility,envtal_conservation,socioeconomic,scalability,sustainability,com_engpa,policy_alignment
count,27.0,27.0,27.0,27.0,27.0,27.0,27.0,27.0
mean,3.814814814814815,4.074074074074074,3.740740740740741,3.962962962962963,4.111111111111111,3.925925925925926,4.333333333333333,4.111111111111111
std,1.2720981165907048,1.1410496492240387,1.0225380411427467,1.1596246568305386,1.1208970766356101,1.2065821380413584,0.9198662110077999,0.8473185457363234
min,1.0,1.0,1.0,1.0,2.0,1.0,2.0,2.0
25%,3.0,3.5,3.5,3.5,3.5,4.0,4.0,4.0
50%,4.0,4.0,4.0,4.0,5.0,4.0,5.0,4.0
75%,5.0,5.0,4.0,5.0,5.0,5.0,5.0,5.0
max,5.0,5.0,5.0,5.0,5.0,5.0,5.0,5.0
