,effectiveness,feasibility,envtal_conservation,socioeconomic,scalability,sustainability,com_engpa,policy_alignment
count,27.0,27.0,27.0,27.0,27.0,27.0,27.0,27.0
mean,4.0,4.0,3.814814814814815,3.8518518518518516,3.7037037037037037,3.925925925925926,3.8518518518518516,3.888888888888889
std,0.9607689228305228,1.1094003924504583,1.1106836784693623,1.0990801644908381,1.2030350981137032,0.9971469271386211,1.133534421577168,0.9336995618478525
min,1.0,1.0,1.0,1.0,1.0,1.0,1.0,1.0
25%,4.0,3.5,3.5,4.0,3.0,3.5,3.0,4.0
50%,4.0,4.0,4.0,4.0,4.0,4.0,4.0,4.0
75%,5.0,5.0,4.5,4.5,5.0,5.0,5.0,4.0
max,5.0,5.0,5.0,5.0,5.0,5.0,5.0,5.0
